0.309219;0.0102338;0.2;0.0499997;3.06302;4.19913e-05;149;
0.811353;0.0482635;0.2;0.0499997;3.06302;4.19914e-05;151;
0.817853;0.0282404;0.2;0.0499997;3.06302;4.19914e-05;151;
0.844481;0.0259594;0.2;0.0499997;3.06302;4.19914e-05;151;
0.512249;0.0287651;0.2;0.0492672;2.97392;4.4545e-05;153;
0.380143;0.0109929;0.2;0.0473857;2.75112;5.20524e-05;149;
0.637786;0.0409867;0.2;0.0458868;2.57983;5.91941e-05;151;
0.20681;0.042772;0.2;0.0446432;2.44188;6.60706e-05;161;
0.671088;0.0422732;0.2;0.0435818;2.32715;7.27462e-05;151;
0.48735;0.0222396;0.2;0.042657;2.22943;7.92628e-05;151;
0.233453;0.0450532;0.2;0.0418375;2.1446;8.56577e-05;153;
0.540093;0.0312785;0.2;0.0411013;2.06979;9.19616e-05;153;
0.3721;0.0361577;0.2;0.0404334;2.00306;9.81905e-05;155;
0.781431;0.0324834;0.2;0.0398218;1.94293;0.000104363;151;
0.558408;0.023002;0.2;0.0392571;1.88821;0.000110499;151;
0.987221;0.0404055;0.2;0.0387327;1.83811;0.000116605;149;
0.794913;0.0472509;0.2;0.0382428;1.7919;0.000122697;151;
0.566328;0.0353417;0.2;0.0377829;1.74906;0.00012878;153;
0.382162;0.0223289;0.2;0.0373491;1.70913;0.000134867;151;
0.4802;0.0429733;0.2;0.0369383;1.67174;0.000140968;153;
0.209232;0.0410137;0.2;0.0365482;1.63661;0.000147084;155;
0.692139;0.023149;0.2;0.0361765;1.6035;0.000153223;151;
0.73765;0.0396123;0.2;0.0358209;1.57213;0.000159398;151;
0.480226;0.0267243;0.2;0.0354799;1.54233;0.000165616;153;
0.308381;0.0238449;0.2;0.0351524;1.51399;0.000171874;153;
0.264352;0.0148111;0.2;0.0348373;1.48698;0.000178176;151;
0.556086;0.0256;0.2;0.0345329;1.4611;0.000184543;153;
0.315809;0.048514;0.2;0.0342386;1.43631;0.000190969;149;
0.839199;0.0273937;0.2;0.0339535;1.41249;0.000197465;151;
0.569062;0.0154687;0.2;0.0336772;1.38959;0.000204027;151;
0.533636;0.0262209;0.2;0.0334083;1.36749;0.000210674;153;
0.840124;0.0408728;0.2;0.0331467;1.34615;0.000217406;151;
0.511745;0.0461436;0.2;0.0328913;1.32549;0.000224236;151;
0.814057;0.0271307;0.2;0.0326424;1.30551;0.000231153;151;
0.864775;0.0412713;0.2;0.0323993;1.28613;0.000238171;151;
0.444049;0.0455724;0.2;0.032161;1.26729;0.000245307;151;
0.39522;0.0319694;0.2;0.0319278;1.24897;0.000252553;155;
0.598857;0.0218114;0.2;0.0316991;1.23115;0.00025992;153;
0.786093;0.0423907;0.2;0.0314743;1.21375;0.000267426;151;
0.754101;0.0127753;0.2;0.0312536;1.19678;0.000275062;151;
0.764454;0.0105265;0.2;0.0310365;1.18021;0.00028284;149;
0.929107;0.0213193;0.2;0.0308226;1.164;0.000290772;149;
0.309373;0.0247721;0.2;0.0306117;1.14812;0.000298869;155;
0.327502;0.01929;0.2;0.0304035;1.13256;0.000307138;151;
0.325913;0.0269499;0.2;0.0301982;1.11732;0.000315575;157;
0.226672;0.016896;0.2;0.0299948;1.10232;0.000324222;151;
0.462088;0.0209599;0.2;0.0297942;1.08762;0.000333044;153;
0.400223;0.0334975;0.2;0.0295952;1.07314;0.000342091;155;
0.757827;0.0324953;0.2;0.0293979;1.05888;0.00035137;151;
0.683734;0.0232268;0.2;0.0292024;1.04485;0.000360873;151;
0.354814;0.0318895;0.2;0.0290083;1.031;0.000370627;157;
0.335988;0.0348445;0.2;0.0288155;1.01734;0.000380648;155;
0.536154;0.0476888;0.2;0.0286238;1.00385;0.000390947;149;
0.332472;0.0218864;0.2;0.0284334;0.990542;0.000401525;153;
0.730012;0.0278731;0.2;0.0282432;0.977336;0.000412451;151;
0.645036;0.0239655;0.2;0.0280541;0.964287;0.000423689;151;
0.335947;0.0477441;0.2;0.0278657;0.951378;0.000435263;149;
0.909434;0.0231342;0.2;0.0276771;0.938548;0.000447248;149;
0.863643;0.029328;0.2;0.0274889;0.925829;0.000459619;151;
0.592526;0.020642;0.2;0.0273012;0.913223;0.000472394;153;
0.322112;0.0447978;0.2;0.027113;0.900678;0.000485645;151;
0.582488;0.0472345;0.2;0.0269242;0.88818;0.000499411;149;
0.712913;0.0335045;0.2;0.0267354;0.875768;0.000513667;151;
0.588393;0.0364348;0.2;0.0265462;0.863418;0.000528466;153;
0.656272;0.0282538;0.2;0.0263558;0.851076;0.000543905;151;
0.680028;0.025907;0.2;0.0261646;0.838772;0.000559979;151;
0.206449;0.0338809;0.2;0.0259726;0.826503;0.000576725;155;
0.598513;0.0115231;0.2;0.0257789;0.814222;0.000594256;149;
0.285602;0.0358485;0.2;0.0255838;0.801945;0.000612589;153;
0.558764;0.025485;0.2;0.0253867;0.789636;0.000631837;153;
0.530561;0.0194975;0.2;0.0251881;0.77733;0.000652001;153;
0.27161;0.0123015;0.2;0.0249871;0.764973;0.000673233;151;
0.967803;0.0470759;0.2;0.0247834;0.752556;0.000695639;149;
0.718309;0.0394325;0.2;0.0245772;0.740079;0.000719288;151;
0.596486;0.0291629;0.2;0.0243676;0.727512;0.000744351;153;
0.338023;0.0427396;0.2;0.0241546;0.714851;0.000770952;151;
0.996614;0.0344206;0.2;0.0239382;0.702096;0.000799224;149;
0.218207;0.0391056;0.2;0.0237172;0.689191;0.000829427;151;
0.893641;0.0289179;0.2;0.0234913;0.676131;0.000861784;151;
0.328394;0.0334943;0.2;0.0232608;0.662923;0.000896461;153;
0.373746;0.0478426;0.2;0.0230238;0.649483;0.000933949;149;
0.887525;0.0197566;0.2;0.0227806;0.635837;0.00097447;151;
0.697038;0.04454;0.2;0.0225301;0.621932;0.00101853;151;
0.348151;0.0250639;0.2;0.0222715;0.607734;0.00106667;157;
0.786431;0.0304242;0.2;0.0220037;0.593206;0.00111956;151;
0.20035;0.0184706;0.2;0.0217254;0.578298;0.00117802;294;
0.674354;0.0389258;0.2;0.0214353;0.562955;0.00124312;151;
0.454493;0.0193596;0.2;0.0211315;0.547109;0.00131617;155;
0.451574;0.0438655;0.2;0.0208115;0.530667;0.00139899;151;
0.501636;0.0179617;0.2;0.0204735;0.513567;0.0014937;153;
0.986573;0.0499484;0.2;0.0201132;0.495655;0.00160362;149;
0.479863;0.0140615;0.2;0.0197267;0.476787;0.00173305;151;
0.324365;0.0179575;0.2;0.0193082;0.456772;0.00188825;157;
0.395482;0.0439302;0.2;0.018937;0.439374;0.00204074;151;
0.3354;0.0300468;0.2;0.018937;0.439374;0.00204074;153;
0.993205;0.0413449;0.2;0.0191456;0.449108;0.00195324;283;
0.455687;0.0358618;0.2;0.018937;0.439375;0.00204075;151;
0.504183;0.0347721;0.2;0.018937;0.439374;0.00204075;153;
0.678089;0.0400059;0.2;0.018937;0.439375;0.00204075;151;
0.859497;0.0239519;0.2;0.018937;0.439375;0.00204075;151;
0.428989;0.015086;0.2;0.018937;0.439374;0.00204075;153;
