-7.23594;3.48003;-2;-2;32;4.2226e-12;341;-2;-2;320;4.2226e-13;341;-2;-2;3200;4.2226e-14;341;
1.41451;2.75547;-1.96;-1.96;31.3632;0.00320001;185;0.0100506;0.0100506;79.198;0.808061;187;1.96079;1.96079;0.30751;0.313757;193;
-1.93284;-6.62132;-1.92;-1.92;30.7328;0.0128;185;0.684563;0.684563;34.6075;1.44138;183;1.9805;1.9805;0.076078;0.316887;183;
-2.78265;6.55041;-1.88;-1.88;30.1088;0.0287999;183;1.02267;1.02267;19.1035;1.82731;185;1.98711;1.98711;0.0332379;0.317941;185;
-7.22167;-4.70682;-1.84;-1.84;29.4912;0.0512003;185;1.22581;1.22581;11.9875;2.08116;183;1.99042;1.99042;0.0183473;0.318469;341;
8.67669;-4.85855;-1.8;-1.8;28.88;0.0800006;183;1.36134;1.36134;8.15761;2.25973;183;1.99241;1.99242;0.0115105;0.318787;183;
-5.99435;3.18529;-1.76;-1.76;28.2752;0.1152;185;1.45821;1.45821;5.87065;2.39185;183;1.99374;1.99374;0.00782928;0.319;183;
-7.00971;4.77515;-1.72;-1.72;27.6768;0.1568;183;1.5309;1.5309;4.40117;2.49345;183;1.99469;1.99469;0.00563302;0.319151;183;
0.676564;-4.39444;-1.68;-1.68;27.0848;0.2048;187;1.58744;1.58744;3.40404;2.57395;185;1.9954;1.9954;0.00422328;0.319265;185;
-8.1843;6.39735;-1.64;-1.64;26.4992;0.2592;183;1.63269;1.63269;2.69828;2.63929;183;1.99596;1.99596;0.00326552;0.319354;183;
-6.6109;-4.16505;-1.6;-1.6;25.92;0.32;185;1.66972;1.66972;2.18164;2.69338;183;1.99641;1.9964;0.00258599;0.319425;341;
8.64122;5.76932;-1.56;-1.56;25.3472;0.387199;183;1.70059;1.70059;1.79293;2.73887;183;1.99677;1.99677;0.00209222;0.319483;183;
9.49279;8.86158;-1.52;-1.52;24.7808;0.460798;338;1.72671;1.72671;1.49378;2.77767;341;1.99707;1.99707;0.00171722;0.319531;341;
-4.14784;-9.24237;-1.48;-1.48;24.2208;0.540801;183;1.7491;1.7491;1.25901;2.81115;181;1.99732;1.99733;0.00143172;0.319572;338;
-7.2788;-7.05437;-1.44;-1.44;23.6672;0.6272;185;1.76851;1.76851;1.07179;2.84033;183;1.99755;1.99754;0.00120563;0.319607;183;
-3.5752;9.35253;-1.4;-1.4;23.12;0.720001;338;1.78549;1.78549;0.920299;2.86599;183;1.99773;1.99773;0.00102651;0.319638;183;
-9.65446;-6.31054;-1.36;-1.36;22.5792;0.819199;183;1.80048;1.80048;0.796195;2.88872;338;1.9979;1.9979;0.000881333;0.319664;181;
-4.27758;-1.16087;-1.32;-1.32;22.0448;0.9248;187;1.8138;1.8138;0.69343;2.90901;185;1.99805;1.99805;0.00076239;0.319688;185;
4.71453;-7.42461;-1.28;-1.28;21.5168;1.0368;183;1.82572;1.82572;0.607487;2.92722;183;1.99818;1.99818;0.00066339;0.319709;183;
-4.64719;-0.186961;-1.24;-1.24;20.9952;1.1552;187;1.83645;1.83645;0.534995;2.94366;185;1.9983;1.9983;0.000581171;0.319727;183;
6.36904;-2.10828;-1.2;-1.2;20.48;1.28;183;1.84615;1.84615;0.473375;2.95858;185;1.9984;1.9984;0.000511457;0.319744;185;
5.13694;-1.73405;-1.16;-1.16;19.9712;1.4112;185;1.85498;1.85498;0.420621;2.97217;185;1.9985;1.9985;0.000452203;0.319759;185;
4.74052;-6.4811;-1.12;-1.12;19.4688;1.5488;185;1.86304;1.86304;0.375175;2.98461;183;1.99858;1.99858;0.000402001;0.319773;183;
-1.53641;3.07344;-1.08;-1.08;18.9728;1.6928;185;1.87042;1.87042;0.335794;2.99604;187;1.99866;1.99866;0.000358343;0.319786;187;
9.81172;-7.3102;-1.04;-1.04;18.4832;1.8432;181;1.87722;1.87722;0.30149;3.00657;183;1.99873;1.99873;0.000320515;0.319797;183;
4.73907;1.99103;-1;-1;18;2;185;1.88349;1.88349;0.271469;3.01631;187;1.9988;1.9988;0.000287713;0.319808;187;
-0.693281;-7.57975;-0.96;-0.960001;17.5232;2.1632;185;1.8893;1.88931;0.245067;3.02534;183;1.99886;1.99886;0.000258618;0.319818;183;
1.60671;-4.45487;-0.92;-0.92;17.0528;2.3328;187;1.8947;1.8947;0.221766;3.03374;185;1.99892;1.99892;0.000233964;0.319827;185;
9.17967;2.47574;-0.879999;-0.88;16.5888;2.5088;183;1.89972;1.89972;0.201119;3.04156;183;1.99897;1.99897;0.000211458;0.319836;183;
7.48909;-6.77181;-0.840001;-0.84;16.1312;2.6912;183;1.90441;1.90441;0.182752;3.04888;183;1.99902;1.99902;0.000191724;0.319843;183;
9.05025;8.74993;-0.800001;-0.8;15.68;2.88;183;1.90879;1.90879;0.166371;3.05573;341;1.99907;1.99907;0.000174123;0.319851;183;
-6.87283;8.32065;-0.760002;-0.759999;15.2352;3.0752;183;1.91291;1.91291;0.151707;3.06217;183;1.99911;1.99911;0.000158198;0.319858;183;
7.81644;-1.81896;-0.719998;-0.72;14.7968;3.2768;183;1.91677;1.91677;0.13855;3.06822;185;1.99915;1.99915;0.000144519;0.319864;185;
-1.4667;-5.73286;-0.68;-0.679999;14.3648;3.4848;185;1.9204;1.9204;0.12671;3.07391;183;1.99919;1.99919;0.000131705;0.31987;183;
7.33351;5.77133;-0.64;-0.64;13.9392;3.6992;183;1.92383;1.92383;0.116032;3.07929;185;1.99922;1.99922;0.000120552;0.319876;185;
9.15723;-8.73145;-0.6;-0.6;13.52;3.92;183;1.92707;1.92707;0.106378;3.08437;183;1.99926;1.99926;0.000110263;0.319881;183;
-0.443268;8.03836;-0.56;-0.559998;13.1072;4.14721;183;1.93013;1.93013;0.0976333;3.08919;185;1.99929;1.99929;0.000101078;0.319886;185;
0.239831;1.75247;-0.52;-0.52;12.7008;4.3808;189;1.93303;1.93303;0.089694;3.09375;189;1.99932;1.99932;9.26636e-05;0.319891;189;
-5.1115;-3.76826;-0.48;-0.48;12.3008;4.6208;185;1.93579;1.93578;0.0824703;3.09808;341;1.99935;1.99935;8.5286e-05;0.319896;183;
2.94793;-9.34183;-0.44;-0.44;11.9072;4.8672;183;1.9384;1.9384;0.0758915;3.1022;181;1.99937;1.99938;7.80073e-05;0.3199;181;
-7.2947;-7.48549;-0.399999;-0.399999;11.52;5.12001;183;1.94089;1.94089;0.06989;3.10612;183;1.9994;1.9994;7.21298e-05;0.319904;341;
-9.88256;1.85161;-0.359999;-0.36;11.1392;5.3792;183;1.94326;1.94326;0.0643961;3.10985;181;1.99942;1.99942;6.64572e-05;0.319908;181;
-6.05503;3.41616;-0.32;-0.32;10.7648;5.6448;185;1.94551;1.94551;0.0593742;3.11342;183;1.99945;1.99945;6.09104e-05;0.319912;183;
9.84168;6.56311;-0.280001;-0.28;10.3968;5.9168;183;1.94767;1.94767;0.0547675;3.11682;183;1.99947;1.99947;5.62176e-05;0.319915;183;
-2.17099;-1.65567;-0.24;-0.24;10.0352;6.1952;189;1.94973;1.94973;0.0505397;3.12007;185;1.99949;1.99949;5.19175e-05;0.319918;185;
-2.3458;-7.60063;-0.199999;-0.199999;9.67999;6.48001;183;1.9517;1.9517;0.0466548;3.12319;183;1.99951;1.99951;4.77481e-05;0.319922;183;
-4.75243;-7.64466;-0.160001;-0.160001;9.33121;6.77119;183;1.95359;1.95359;0.0430826;3.12617;183;1.99953;1.99953;4.41427e-05;0.319925;341;
8.66997;5.42437;-0.120001;-0.12;8.9888;7.0688;183;1.9554;1.9554;0.0397886;3.12903;183;1.99955;1.99955;4.05609e-05;0.319928;183;
-1.74232;-1.67349;-0.0800002;-0.0799999;8.6528;7.3728;189;1.95713;1.95713;0.0367546;3.13178;187;1.99957;1.99957;3.75302e-05;0.319931;187;
0.0595228;8.09076;-0.0400001;-0.0399983;8.32319;7.68321;183;1.9588;1.9588;0.033955;3.13441;185;1.99958;1.99958;3.4642e-05;0.319933;185;
8.60001;9.13678;-1.6051e-07;7.00792e-08;8;8;341;1.96039;1.9604;0.0313712;3.13695;183;1.9996;1.9996;3.20301e-05;0.319936;183;
-9.90106;6.56698;0.0399983;0.04;7.68321;8.32319;341;1.96194;1.96193;0.0289781;3.13939;181;1.99962;1.99962;2.95877e-05;0.319938;181;
-2.91386;4.03161;0.0800002;0.0799997;7.3728;8.6528;187;1.96342;1.96341;0.0267687;3.14173;185;1.99963;1.99963;2.71726e-05;0.319941;185;
4.29227;8.42685;0.120001;0.120001;7.0688;8.9888;183;1.96484;1.96484;0.0247247;3.14399;185;1.99964;1.99964;2.52979e-05;0.319943;185;
5.82504;7.96227;0.160001;0.160001;6.77119;9.33121;183;1.96621;1.96621;0.0228296;3.14617;185;1.99966;1.99966;2.3104e-05;0.319946;185;
-6.24183;-7.45009;0.2;0.199999;6.48;9.67999;341;1.96754;1.96754;0.0210739;3.14827;183;1.99967;1.99967;2.12723e-05;0.319948;183;
-1.08942;-7.54085;0.24;0.239999;6.1952;10.0352;183;1.96882;1.96882;0.0194491;3.1503;183;1.99969;1.99969;1.96334e-05;0.31995;183;
-2.98937;-3.55747;0.28;0.28;5.9168;10.3968;187;1.97005;1.97005;0.0179394;3.15226;185;1.9997;1.9997;1.81005e-05;0.319952;185;
-2.25389;6.36785;0.32;0.32;5.6448;10.7648;185;1.97124;1.97124;0.0165399;3.15415;185;1.99971;1.99971;1.67397e-05;0.319954;185;
-8.69962;0.429667;0.359999;0.36;5.3792;11.1392;183;1.9724;1.9724;0.01524;3.15599;183;1.99972;1.99972;1.54741e-05;0.319955;183;
9.84844;-0.39924;0.399999;0.4;5.12;11.52;183;1.97351;1.97351;0.014034;3.15776;183;1.99973;1.99973;1.42814e-05;0.319957;183;
-7.08475;8.98685;0.44;0.44;4.8672;11.9072;183;1.97459;1.97459;0.0129151;3.15947;183;1.99974;1.99974;1.31208e-05;0.319959;183;
8.9672;-1.98499;0.480002;0.48;4.62079;12.3008;183;1.97563;1.97563;0.0118751;3.16113;183;1.99975;1.99975;1.20758e-05;0.319961;183;
-3.88231;3.55022;0.520001;0.52;4.3808;12.7008;185;1.97665;1.97664;0.010909;3.16274;185;1.99977;1.99976;1.10002e-05;0.319962;185;
2.37832;-7.73117;0.560001;0.559998;4.1472;13.1072;183;1.97763;1.97762;0.0100127;3.1643;183;1.99978;1.99978;1.00996e-05;0.319964;183;
9.62297;8.86538;0.6;0.6;3.92;13.52;183;1.97858;1.97858;0.00917951;3.16581;341;1.99978;1.99978;9.2644e-06;0.319966;183;
-4.23918;7.9507;0.64;0.64;3.6992;13.9392;183;1.9795;1.9795;0.00840576;3.16728;183;1.99979;1.99979;8.47356e-06;0.319967;183;
0.80225;7.86514;0.68;0.680001;3.4848;14.3648;183;1.98039;1.9804;0.00768696;3.16871;185;1.9998;1.9998;7.78236e-06;0.319968;185;
0.406706;1.61049;0.72;0.72;3.2768;14.7968;193;1.98126;1.98126;0.00702025;3.17009;189;1.99981;1.99981;7.09522e-06;0.31997;189;
-4.69143;6.5701;0.760001;0.76;3.0752;15.2352;185;1.98211;1.98211;0.00640173;3.17144;341;1.99982;1.99982;6.49142e-06;0.319971;183;
-8.52158;5.28092;0.800001;0.8;2.88;15.68;183;1.98293;1.98293;0.00582751;3.17275;183;1.99983;1.99983;5.91965e-06;0.319972;183;
-9.44159;4.76169;0.840001;0.84;2.6912;16.1312;183;1.98373;1.98373;0.00529543;3.17402;181;1.99984;1.99984;5.35212e-06;0.319974;181;
2.35988;-2.76484;0.88;0.88;2.5088;16.5888;347;1.9845;1.9845;0.00480215;3.17526;185;1.99984;1.99984;4.86139e-06;0.319975;185;
2.85125;-7.85534;0.92;0.919999;2.3328;17.0528;183;1.98526;1.98526;0.00434542;3.17646;183;1.99985;1.99985;4.39046e-06;0.319976;183;
-7.33478;4.49872;0.959999;0.96;2.1632;17.5232;183;1.986;1.98599;0.00392272;3.17763;183;1.99986;1.99986;3.97969e-06;0.319977;183;
6.32096;-2.79515;1;1;2;18;185;1.98671;1.98671;0.00353215;3.17877;185;1.99987;1.99987;3.54038e-06;0.319979;185;
-2.53267;-6.39405;1.04;1.04;1.84319;18.4832;183;1.98741;1.98741;0.00317091;3.17989;183;1.99987;1.99987;3.21899e-06;0.31998;183;
8.64365;3.12525;1.08;1.08;1.6928;18.9728;183;1.98809;1.98809;0.00283834;3.18097;183;1.99988;1.99988;2.87332e-06;0.319981;183;
-7.7976;6.12724;1.12;1.12;1.5488;19.4688;183;1.98875;1.98875;0.00253136;3.18202;183;1.99989;1.99989;2.56362e-06;0.319982;183;
9.19398;-9.36929;1.16;1.16;1.4112;19.9712;183;1.98939;1.9894;0.00224935;3.18305;181;1.99989;1.99989;2.25617e-06;0.319983;181;
5.09827;9.69333;1.2;1.2;1.28;20.48;183;1.99002;1.99002;0.00199015;3.18406;183;1.9999;1.9999;1.95304e-06;0.319984;183;
1.51364;9.72849;1.24;1.24;1.1552;20.9952;183;1.99064;1.99064;0.00175237;3.18504;183;1.99991;1.99991;1.73387e-06;0.319985;183;
-9.36827;-8.5832;1.28;1.28;1.0368;21.5168;341;1.99124;1.99124;0.00153491;3.186;338;1.99991;1.99991;1.58092e-06;0.319986;338;
-5.36461;-4.19177;1.32;1.32;0.924799;22.0448;183;1.99183;1.99182;0.00133675;3.18693;341;1.99992;1.99992;1.33294e-06;0.319987;183;
-6.1991;-2.99499;1.36;1.36;0.819199;22.5792;183;1.9924;1.9924;0.00115655;3.18784;183;1.99992;1.99992;1.17242e-06;0.319988;183;
1.56448;7.59213;1.4;1.4;0.72;23.12;185;1.99295;1.99295;0.000993054;3.18874;185;1.99993;1.99993;1.01569e-06;0.319989;185;
-6.5132;-0.184601;1.44;1.44;0.627201;23.6672;183;1.9935;1.9935;0.000845009;3.18961;183;1.99994;1.99993;8.33239e-07;0.31999;183;
-0.0726385;-7.98744;1.48;1.48;0.540801;24.2208;183;1.99403;1.99403;0.0007127;3.19046;183;1.99994;1.99994;7.13175e-07;0.31999;183;
9.39152;5.90961;1.52;1.52;0.460801;24.7808;183;1.99455;1.99455;0.000593464;3.19129;183;1.99995;1.99995;5.78821e-07;0.319991;183;
-2.92405;-0.103925;1.56;1.56;0.3872;25.3472;185;1.99506;1.99506;0.00048759;3.1921;185;1.99995;1.99995;4.96789e-07;0.319992;185;
-3.99522;-4.16367;1.6;1.6;0.32;25.92;344;1.99556;1.99556;0.000394025;3.1929;185;1.99996;1.99996;3.94954e-07;0.319993;344;
9.97994;-2.44697;1.64;1.64;0.2592;26.4992;183;1.99605;1.99605;0.000312428;3.19368;183;1.99996;1.99996;3.15563e-07;0.319994;183;
9.61352;-3.66288;1.68;1.68;0.2048;27.0848;183;1.99652;1.99653;0.000241658;3.19444;183;1.99996;1.99997;2.41457e-07;0.319994;183;
4.99092;4.75289;1.72;1.72;0.1568;27.6768;187;1.99699;1.99699;0.000181043;3.19519;187;1.99997;1.99997;1.80009e-07;0.319995;187;
3.41382;-8.41656;1.76;1.76;0.115201;28.2752;183;1.99745;1.99745;0.00013014;3.19592;183;1.99997;1.99997;1.29487e-07;0.319996;183;
-2.22468;-3.50052;1.8;1.8;0.0800004;28.88;185;1.9979;1.9979;8.85522e-05;3.19663;185;1.99998;1.99998;8.99629e-08;0.319997;185;
-1.64978;6.96791;1.84;1.84;0.0511998;29.4912;344;1.99833;1.99833;5.55263e-05;3.19733;185;1.99998;1.99998;5.26682e-08;0.319997;185;
3.42181;-0.246624;1.88;1.88;0.0288001;30.1088;189;1.99876;1.99876;3.05925e-05;3.19802;189;1.99999;1.99999;3.05663e-08;0.319998;189;
-6.38013;7.26618;1.92;1.92;0.0127998;30.7328;183;1.99918;1.99918;1.33541e-05;3.19869;341;1.99999;1.99999;1.26842e-08;0.319999;183;
-6.14468;-7.51373;1.96;1.96;0.0032;31.3632;341;1.9996;1.9996;3.26874e-06;3.19935;183;2;2;2.15942e-09;0.319999;183;
5.51902;0.983511;2;2;3.27999e-13;32;187;2;2;3.27999e-12;3.2;187;2;2;3.27999e-11;0.32;187;
